Model name;Mean absolute error;Mean squared error
04_49_l-10;0.28904085506679145;0.13103488640367367
04_62_l-10_l-10_d-0.1;0.2913709767637359;0.13546825797225875
04_155_l-30_l-20_d-0.1;0.29200201991731956;0.13376437412325742
04_99_l-20_d-0.2;0.2951919915996919;0.13920665164715404
04_145_l-30;0.3021832517330434;0.1459874720980004
