Model name;Mean absolute error;Mean squared error
05_374_l-125_l-50_d-0.1;0.26884508168526516;0.12088304972809971
05_255_l-75_l-10_d-0.2;0.2801592987576488;0.1249440634522326
05_151_l-30_l-15;0.2959388474916007;0.13865525065476347
05_217_l-50_l-20;0.2961388403063367;0.13971092226057888
05_277_l-75_l-50;0.3131549547242511;0.1538727052293267
