Model name;Mean absolute error;Mean squared error;Diff. MAE;Diff. MSE
model5_116_l-24_l-20_l-20_d-0.1;0.3342635620917593;0.17837457678147725;-0.21504426529880488;-0.24325486808074223
model5_128_l-24_l-50_l-20_d-0.1;0.34213637025465093;0.18046584869882773;-0.20717145713591323;-0.24116359616339175
model5_178_l-50_l-50_l-50;0.41128473350453;0.24510447403031682;-0.13802309388603418;-0.17652497083190266
model5_227_l-150_l-50_l-50_d-0.1;0.4134556215019926;0.2571963597798631;-0.13585220588857155;-0.16443308508235638
model5_208_l-150_l-20_l-10;0.45796259253152777;0.3033409046142229;-0.0913452348590364;-0.11828854024799657
