Model name;Mean absolute error;Mean squared error
3_03_54_l-100_l-10_d-0.2;0.43201478601546045;0.2827797801216032
2_03_5_l-30_l-10_d-0.1;0.44231658886857095;0.3026484607534993
3_03_5_l-75_l-10_d-0.1;0.45708571025615286;0.31446078688404555
3_03_79_l-100_l-20_l-15;0.46739938284513677;0.3335358334978105
2_03_4_l-30_l-10;0.47305128998627327;0.3466337080214434
