Model name;Mean absolute error;Mean squared error;Diff. MAE;Diff. MSE
model3_1_l-10;0.3270251869209229;0.16790811578550982;-0.22228264046964125;-0.25372132907670963
model3_9_l-10_l-20_d-0.2;0.3320235622425874;0.17464881390333176;-0.21728426514797677;-0.24698063095888773
model3_6_l-10_l-10_d-0.2;0.34804589957708404;0.189985004541952;-0.20126192781348012;-0.2316444403202675
model3_92_l-30_l-20_d-0.1;0.3729613630308045;0.21148771672908748;-0.17634646435975965;-0.210141728133132
model3_133_l-50_l-20_l-20;0.4665317666672525;0.3116818204640396;-0.08277606072331167;-0.1099476243981799
