Model name;Mean absolute error;Mean squared error
01_386_l-150_d-0.1;0.29296926477817214;0.1370979757433769
01_339_l-125_d-0.2;0.2956689642089757;0.14100719141406096
01_385_l-150;0.29627281427383423;0.13976909052046715
01_338_l-125_d-0.1;0.29951232707329617;0.1408431925454954
01_291_l-100_d-0.2;0.3000569963815865;0.1419758397112986
