Model name;Mean absolute error;Mean squared error
1_02_2_l-5_d-0.1;0.30477166477187423;0.1508966807682352
1_02_50_l-10_d-0.1;0.3195604150106383;0.16479735306366258
1_02_135_l-20_l-50_d-0.2;0.34118487621853305;0.18075920457530553
3_02_51_l-100_d-0.2;0.3512005035640897;0.18932098235673966
3_02_49_l-100;0.3668779816454763;0.2094582033604621
