Model name;Mean absolute error;Mean squared error;Diff. MAE;Diff. MSE
model2_274_l-50_l-50_d-0.1;0.3285068001538988;0.16994718882063078;-0.22080102723666534;-0.25168225604158867
model2_348_l-100_l-50_d-0.2;0.3502438508328937;0.190101668356903;-0.19906397655767044;-0.23152777650531647
model2_416_l-150_l-50;0.3605345007446077;0.20066143140669854;-0.18877332664595647;-0.22096801345552095
model2_346_l-100_l-50_d-0.1;0.41545768626152524;0.24973727780438604;-0.13385014112903892;-0.17189216705783344
model2_420_l-150_l-50_d-0.2;0.5880166162101049;0.4781636335547008;0.03870878881954076;0.056534188692481335
