Model name;Mean absolute error;Mean squared error
06_147_l-30_d-0.2;0.2906076722084337;0.13436350399616417
06_243_l-75_d-0.2;0.3064667547631795;0.14484569298586908
06_86_l-10_l-50_d-0.1;0.3070364907194095;0.1472133998595961
06_373_l-125_l-50;0.30912581676985046;0.14598213122552559
06_199_l-50_l-15;0.3353168822255484;0.1664147694612954
