Model name;Mean absolute error;Mean squared error;Diff. MAE;Diff. MSE
model6_130_l-100_l-20_l-10;0.3195023120691379;0.15662631826726572;-0.2298055153214263;-0.26500312659495373
model6_124_l-100_l-10_l-20;0.3222658332319014;0.15785578269112324;-0.22704199415866277;-0.2637736621710962
model6_132_l-100_l-20_l-10_d-0.2;0.32299978383595035;0.16250873511169284;-0.2263080435546138;-0.25912070975052665
model6_122_l-100_l-10_l-10_d-0.1;0.3251327067199681;0.16729226552822168;-0.22417512067059608;-0.2543371793339978
model6_103_l-50_l-50_l-10;0.33955404153537183;0.1767181527896947;-0.20975378585519233;-0.2449112920725248
